#,Field Name,Mapping Type,Mapping APIs / Database Table,Mapping Field Name,Remarks
1,CancelLineCount,Direct,[OMS-Order] order_lines Table,min_fulfillment_status_id,"COUNT(OrderLine[] WHERE order_line[].min_fulfillment_status_id = ""9000"")"
2,SuspendedOrderId,,,,
3,CreatedTimestamp,,,,
4,BusinessDate,,,,
5,ReturnTrackingDetail[],,,,
6,MaxFulfillmentStatusId,Direct,orders,max_fulfillment_status_id,
7,IsOnHold,Direct,orders,is_on_hold,
8,Process,,,,
9,IsConfirmed,,,,
10,CurrencyCode,Direct,orders,currency_code,
11,SellingLocationId,,,,
12,EventSubmitTime,,,,
13,UpdatedBy,Direct,orders,updated_by,
14,FulfillmentStatus,Direct,orders,fulfillment_status,
15,CustomerFirstName,Direct,orders,customer_first_name,
16,OrderChargeDetail[],Direct,orders,order_charge_detail,
17,OrderType.OrderTypeId,Direct,orders,order_type,
18,CountedDate,,,,
19,TotalCharges,Direct,orders,total_charges,
20,OrderLineCount,,,,
21,OrderHold[],Direct,orders,order_hold,
22,OrderToken,,,,
23,IsArchiveInProgress,,,,
24,Messages,,,,
25,CreatedBy,Direct,orders,created_by,
26,Priority,,,,
27,IsCancelled,Direct,orders,is_cancelled,
28,OrderTagDetail[],,,,
29,OrderExtension5[],,,,
30,CustomerId,Direct,orders,customer_id,
31,OrderId,Direct,orders,order_id,
32,OrderExtension3[],,,,
33,OrderExtension4[],,,,
35,OrderExtension1.UpdatedBy,Direct,orders,updated_by,
36,OrderExtension1.UpdatedTimestamp,,,,
37,OrderExtension1.OrgId,Direct,orders,org_id,
38,OrderExtension1.CreatedTimestamp,,,,
39,OrderExtension1.CreatedBy,Direct,orders,created_by,
40,OrderExtension1.Extended.LatestT1RedeemTotal,,,,
41,OrderExtension1.Extended.CancelAllowed,Direct,orders,cancel_allowed,
42,OrderExtension1.Extended.FullTaxInvoice,,,,
43,OrderExtension1.Extended.LatestPostpaidTotal,,,,
44,OrderExtension1.Extended.LatestOrderTotal,,,,
45,OrderExtension1.Extended.LatestPrepaidTotal,,,,
46,OrderExtension1.Extended.SourceOrderShippingTotal,,,,
47,OrderExtension1.Extended.AutoSettlement,,,,
48,OrderExtension1.Extended.TaxId,,,,
49,OrderExtension1.Extended.T1ConversionRate,,,,
50,OrderExtension1.Extended.Extended1,,,,
51,OrderExtension1.Extended.AllowSubstitution,,,,
52,OrderExtension1.Extended.CompanyName,,,,
53,OrderExtension1.Extended.CustRef,,,,
54,OrderExtension1.Extended.SourceOrderTotalDiscount,,,,
55,OrderExtension1.Extended.ConfirmPaymentId,,,,
56,OrderExtension1.Extended.SourceOrderSubTotal,,,,
57,OrderExtension1.Extended.ExternalMPSellerId,,,,
58,OrderExtension1.Extended.IsPSConfirmed,,,,
59,OrderExtension1.Extended.LatestOrderSubTotal,,,,
60,OrderExtension1.Extended.SourceOrderTotal,,,,
61,OrderExtension1.Extended.LatestOrderTotalDiscount,,,,
62,OrderExtension1.Extended.T1RedemptionPoint,,,,
63,OrderExtension1.Extended.BranchNo,,,,
64,OrderExtension1.Extended.T1Number,,,,
65,OrderExtension1.Extended.T1PhoneNo,,,,
66,OrderExtension1.ContextId,,,,
67,OrderExtension1.Process,,,,
68,OrderExtension1.PK,,,,
69,OrderExtension1.PurgeDate,,,,
70,OrderExtension1.Unique_Identifier,,,,
71,OrderExtension2[],,,,
72,OrderSubTotal,Direct,orders,order_sub_total,
74,Payment[].Actions,Direct,payments,actions,
75,Payment[].PK,,,,
76,Payment[].CreatedBy,Direct,payments,created_by,
77,Payment[].CreatedTimestamp,,,,
78,Payment[].UpdatedBy,Direct,payments,updated_by,
79,Payment[].UpdatedTimestamp,,,,
80,Payment[].Messages,,,,
81,Payment[].OrgId,Direct,payments,org_id,
82,Payment[].PurgeDate,Direct,payments,purge_date,
83,Payment[].OrderId,Direct,payments,order_id,
84,Payment[].PaymentGroupId,Direct,payments,payment_group_id,
85,Payment[].CustomerId,Direct,payments,customer_id,
86,Payment[].IsCancelled,Direct,payments,is_cancelled,
87,Payment[].AlternateOrderId,,,,
88,Payment[].IsAnonymized,Direct,payments,is_anonymized,
90,Payment[].PaymentMethod[].Actions,Direct,payment_methods,actions,
91,Payment[].PaymentMethod[].PK,,,,
92,Payment[].PaymentMethod[].CreatedBy,Direct,payment_methods,created_by,
93,Payment[].PaymentMethod[].CreatedTimestamp,,,,
94,Payment[].PaymentMethod[].UpdatedBy,Direct,payment_methods,updated_by,
95,Payment[].PaymentMethod[].UpdatedTimestamp,,,,
96,Payment[].PaymentMethod[].Messages,Direct,payment_methods,messages,
97,Payment[].PaymentMethod[].OrgId,Direct,payment_methods,org_id,
98,Payment[].PaymentMethod[].PaymentMethodId,Direct,payment_methods,payment_method_id,
99,Payment[].PaymentMethod[].CurrencyCode,Direct,payment_methods,currency_code,
100,Payment[].PaymentMethod[].AlternateCurrencyCode,,,,
101,Payment[].PaymentMethod[].ConversionRate,Direct,payment_methods,conversion_rate,
102,Payment[].PaymentMethod[].AlternateCurrencyAmount,Direct,payment_methods,alternate_currency_amount,
103,Payment[].PaymentMethod[].AccountNumber,Direct,payment_methods,account_number,
104,Payment[].PaymentMethod[].AccountDisplayNumber,Direct,payment_methods,account_display_number,
105,Payment[].PaymentMethod[].NameOnCard,Direct,payment_methods,name_on_card,
106,Payment[].PaymentMethod[].SwipeData,Direct,payment_methods,swipe_data,
107,Payment[].PaymentMethod[].CardExpiryMonth,Direct,payment_methods,card_expiry_month,
108,Payment[].PaymentMethod[].CardExpiryYear,Direct,payment_methods,card_expiry_year,
109,Payment[].PaymentMethod[].GiftCardPin,Direct,payment_methods,gift_card_pin,
110,Payment[].PaymentMethod[].CustomerSignature,Direct,payment_methods,customer_signature,
111,Payment[].PaymentMethod[].CustomerPaySignature,Direct,payment_methods,customer_pay_signature,
112,Payment[].PaymentMethod[].ChangeAmount,Direct,payment_methods,change_amount,
113,Payment[].PaymentMethod[].Amount,Direct,payment_methods,amount,
114,Payment[].PaymentMethod[].CurrentAuthAmount,Direct,payment_methods,current_auth_amount,
115,Payment[].PaymentMethod[].CurrentSettledAmount,Direct,payment_methods,current_settled_amount,
116,Payment[].PaymentMethod[].CurrentRefundAmount,Direct,payment_methods,current_refund_amount,
117,Payment[].PaymentMethod[].ChargeSequence,Direct,payment_methods,charge_sequence,
118,Payment[].PaymentMethod[].IsSuspended,Direct,payment_methods,is_suspended,
119,Payment[].PaymentMethod[].EntryTypeId,Direct,payment_methods,entry_type_id,
120,Payment[].PaymentMethod[].GatewayId,Direct,payment_methods,gateway_id,
121,Payment[].PaymentMethod[].RoutingNumber,Direct,payment_methods,routing_number,
122,Payment[].PaymentMethod[].RoutingDisplayNumber,Direct,payment_methods,routing_display_number,
123,Payment[].PaymentMethod[].CheckNumber,Direct,payment_methods,check_number,
124,Payment[].PaymentMethod[].DriversLicenseNumber,Direct,payment_methods,drivers_license_number,
125,Payment[].PaymentMethod[].DriversLicenseState,Direct,payment_methods,drivers_license_state,
126,Payment[].PaymentMethod[].DriversLicenseCountry,Direct,payment_methods,drivers_license_country,
127,Payment[].PaymentMethod[].BusinessName,Direct,payment_methods,business_name,
128,Payment[].PaymentMethod[].BusinessTaxId,Direct,payment_methods,business_tax_id,
129,Payment[].PaymentMethod[].CheckQuantity,Direct,payment_methods,check_quantity,
130,Payment[].PaymentMethod[].OriginalAmount,Direct,payment_methods,original_amount,
131,Payment[].PaymentMethod[].IsModifiable,Direct,payment_methods,is_modifiable,
132,Payment[].PaymentMethod[].CurrentFailedAmount,Direct,payment_methods,current_failed_amount,
133,Payment[].PaymentMethod[].ParentOrderId,Direct,payment_methods,parent_order_id,
134,Payment[].PaymentMethod[].ParentPaymentGroupId,Direct,payment_methods,parent_payment_group_id,
135,Payment[].PaymentMethod[].ParentPaymentMethodId,Direct,payment_methods,parent_payment_method_id,
136,Payment[].PaymentMethod[].IsVoided,Direct,payment_methods,is_voided,
137,Payment[].PaymentMethod[].IsCopied,Direct,payment_methods,is_copied,
138,Payment[].PaymentMethod[].GatewayAccountId,Direct,payment_methods,gateway_account_id,
139,Payment[].PaymentMethod[].LocationId,Direct,payment_methods,location_id,
140,Payment[].PaymentMethod[].TransactionReferenceId,Direct,payment_methods,transaction_reference_id,
141,Payment[].PaymentMethod[].CapturedInEdgeMode,Direct,payment_methods,captured_in_edge_mode,
142,Payment[].PaymentMethod[].MerchandiseAmount,Direct,payment_methods,merchandise_amount,
143,Payment[].PaymentMethod[].CapturedSource,Direct,payment_methods,captured_source,
144,Payment[].PaymentMethod[].ShopperReference,Direct,payment_methods,shopper_reference,
145,Payment[].PaymentMethod[].SuggestedAmount,Direct,payment_methods,suggested_amount,
146,Payment[].PaymentMethod[].PurgeDate,Direct,payment_methods,purge_date,
147,Payment[].PaymentMethod[].BillingAddress.Actions,Direct,payment_methods,actions,
148,Payment[].PaymentMethod[].BillingAddress.PK,,,,
149,Payment[].PaymentMethod[].BillingAddress.CreatedBy,Direct,payment_methods,created_by,
150,Payment[].PaymentMethod[].BillingAddress.CreatedTimestamp,,,,
151,Payment[].PaymentMethod[].BillingAddress.UpdatedBy,Direct,payment_methods,updated_by,
152,Payment[].PaymentMethod[].BillingAddress.UpdatedTimestamp,,,,
153,Payment[].PaymentMethod[].BillingAddress.Messages,Direct,payment_methods,messages,
154,Payment[].PaymentMethod[].BillingAddress.OrgId,Direct,payment_methods,org_id,
155,Payment[].PaymentMethod[].BillingAddress.Address.FirstName,,,,
156,Payment[].PaymentMethod[].BillingAddress.Address.LastName,,,,
157,Payment[].PaymentMethod[].BillingAddress.Address.Address1,,,,
158,Payment[].PaymentMethod[].BillingAddress.Address.Address2,,,,
159,Payment[].PaymentMethod[].BillingAddress.Address.Address3,,,,
160,Payment[].PaymentMethod[].BillingAddress.Address.City,,,,
161,Payment[].PaymentMethod[].BillingAddress.Address.State,,,,
162,Payment[].PaymentMethod[].BillingAddress.Address.PostalCode,,,,
163,Payment[].PaymentMethod[].BillingAddress.Address.County,,,,
164,Payment[].PaymentMethod[].BillingAddress.Address.Country,,,,
165,Payment[].PaymentMethod[].BillingAddress.Address.Phone,,,,
166,Payment[].PaymentMethod[].BillingAddress.Address.Email,,,,
167,Payment[].PaymentMethod[].BillingAddress.PurgeDate,Direct,payment_methods,purge_date,
168,Payment[].PaymentMethod[].BillingAddress.Extended.AddressRef,,,,
169,Payment[].PaymentMethod[].PaymentMethodAttribute[],Direct,payment_methods,payment_method_attribute,
170,Payment[].PaymentMethod[].PaymentMethodEncrAttribute[],Direct,payment_methods,payment_method_encr_attribute,
172,Payment[].PaymentMethod[].PaymentTransaction[].Actions,,,,
173,Payment[].PaymentMethod[].PaymentTransaction[].PK,,,,
174,Payment[].PaymentMethod[].PaymentTransaction[].CreatedBy,Direct,payment_transactions,created_by,
175,Payment[].PaymentMethod[].PaymentTransaction[].CreatedTimestamp,,,,
176,Payment[].PaymentMethod[].PaymentTransaction[].UpdatedBy,Direct,payment_transactions,updated_by,
177,Payment[].PaymentMethod[].PaymentTransaction[].UpdatedTimestamp,,,,
178,Payment[].PaymentMethod[].PaymentTransaction[].Messages,,,,
179,Payment[].PaymentMethod[].PaymentTransaction[].OrgId,Direct,payment_transactions,org_id,
180,Payment[].PaymentMethod[].PaymentTransaction[].PaymentTransactionId,Direct,payment_transactions,payment_transaction_id,
181,Payment[].PaymentMethod[].PaymentTransaction[].RequestedAmount,Direct,payment_transactions,requested_amount,
182,Payment[].PaymentMethod[].PaymentTransaction[].RequestId,Direct,payment_transactions,request_id,
183,Payment[].PaymentMethod[].PaymentTransaction[].RequestToken,Direct,payment_transactions,request_token,
184,Payment[].PaymentMethod[].PaymentTransaction[].RequestedDate,,,,
185,Payment[].PaymentMethod[].PaymentTransaction[].FollowOnId,,,,
186,Payment[].PaymentMethod[].PaymentTransaction[].FollowOnToken,,,,
187,Payment[].PaymentMethod[].PaymentTransaction[].TransactionDate,Direct,payment_transactions,transaction_date,
188,Payment[].PaymentMethod[].PaymentTransaction[].TransactionExpiryDate,,,,
189,Payment[].PaymentMethod[].PaymentTransaction[].ProcessedAmount,Direct,payment_transactions,processed_amount,
190,Payment[].PaymentMethod[].PaymentTransaction[].FollowOnProcessedAmount,,,,
191,Payment[].PaymentMethod[].PaymentTransaction[].RemainingAttempts,,,,
192,Payment[].PaymentMethod[].PaymentTransaction[].FollowOnCount,,,,
193,Payment[].PaymentMethod[].PaymentTransaction[].ReconciliationId,Direct,payment_transactions,reconciliation_id,
194,Payment[].PaymentMethod[].PaymentTransaction[].ExternalResponseId,,,,
195,Payment[].PaymentMethod[].PaymentTransaction[].ReasonId,,,,
196,Payment[].PaymentMethod[].PaymentTransaction[].IsValidForRefund,Direct,payment_transactions,is_valid_for_refund,
197,Payment[].PaymentMethod[].PaymentTransaction[].ReAuthOnSettlementFailure,,,,
198,Payment[].PaymentMethod[].PaymentTransaction[].IsActive,Direct,payment_transactions,is_active,
199,Payment[].PaymentMethod[].PaymentTransaction[].RemainingBalance,,,,
200,Payment[].PaymentMethod[].PaymentTransaction[].IsCopied,Direct,payment_transactions,is_copied,
201,Payment[].PaymentMethod[].PaymentTransaction[].ScheduledTimestamp,,,,
202,Payment[].PaymentMethod[].PaymentTransaction[].OrderId,Direct,payment_transactions,order_id,
203,Payment[].PaymentMethod[].PaymentTransaction[].PaymentGroupId,,,,
204,Payment[].PaymentMethod[].PaymentTransaction[].StoreAndForwardNumber,,,,
205,Payment[].PaymentMethod[].PaymentTransaction[].IsActivation,Direct,payment_transactions,is_activation,
206,Payment[].PaymentMethod[].PaymentTransaction[].OnHold,,,,
207,Payment[].PaymentMethod[].PaymentTransaction[].NetworkTransactionId,,,,
208,Payment[].PaymentMethod[].PaymentTransaction[].UniqueTransactionId,,,,
209,Payment[].PaymentMethod[].PaymentTransaction[].IsChargeback,,,,
210,Payment[].PaymentMethod[].PaymentTransaction[].NotificationTimestamp,,,,
211,Payment[].PaymentMethod[].PaymentTransaction[].AlternateOrderId,,,,
212,Payment[].PaymentMethod[].PaymentTransaction[].PurgeDate,,,,
213,Payment[].PaymentMethod[].PaymentTransaction[].FollowOnParentTransaction[],,,,
215,Payment[].PaymentMethod[].PaymentTransaction[].PaymentTransAttribute[].Actions,,,,
216,Payment[].PaymentMethod[].PaymentTransaction[].PaymentTransAttribute[].PK,,,,
217,Payment[].PaymentMethod[].PaymentTransaction[].PaymentTransAttribute[].CreatedBy,Direct,payment_transactions,created_by,
218,Payment[].PaymentMethod[].PaymentTransaction[].PaymentTransAttribute[].CreatedTimestamp,,,,
219,Payment[].PaymentMethod[].PaymentTransaction[].PaymentTransAttribute[].UpdatedBy,Direct,payment_transactions,updated_by,
220,Payment[].PaymentMethod[].PaymentTransaction[].PaymentTransAttribute[].UpdatedTimestamp,,,,
221,Payment[].PaymentMethod[].PaymentTransaction[].PaymentTransAttribute[].Messages,,,,
222,Payment[].PaymentMethod[].PaymentTransaction[].PaymentTransAttribute[].OrgId,Direct,payment_transactions,org_id,
223,Payment[].PaymentMethod[].PaymentTransaction[].PaymentTransAttribute[].ParentPaymentTransaction.PK,,,,
224,Payment[].PaymentMethod[].PaymentTransaction[].PaymentTransAttribute[].Name,,,,
225,Payment[].PaymentMethod[].PaymentTransaction[].PaymentTransAttribute[].Value,,,,
226,Payment[].PaymentMethod[].PaymentTransaction[].PaymentTransAttribute[].PurgeDate,,,,
227,Payment[].PaymentMethod[].PaymentTransaction[].PaymentTransAttribute[].Extended,,,,
228,Payment[].PaymentMethod[].PaymentTransaction[].PaymentTransEncrAttribute[],,,,
230,Payment[].PaymentMethod[].PaymentTransaction[].PaymentTransactionDetail[].Actions,Direct,payment_methods,actions,
231,Payment[].PaymentMethod[].PaymentTransaction[].PaymentTransactionDetail[].PK,,,,
232,Payment[].PaymentMethod[].PaymentTransaction[].PaymentTransactionDetail[].CreatedBy,Direct,payment_methods,created_by,
233,Payment[].PaymentMethod[].PaymentTransaction[].PaymentTransactionDetail[].CreatedTimestamp,,,,
234,Payment[].PaymentMethod[].PaymentTransaction[].PaymentTransactionDetail[].UpdatedBy,Direct,payment_methods,updated_by,
235,Payment[].PaymentMethod[].PaymentTransaction[].PaymentTransactionDetail[].UpdatedTimestamp,,,,
236,Payment[].PaymentMethod[].PaymentTransaction[].PaymentTransactionDetail[].Messages,Direct,payment_methods,messages,
237,Payment[].PaymentMethod[].PaymentTransaction[].PaymentTransactionDetail[].OrgId,Direct,payment_methods,org_id,
238,Payment[].PaymentMethod[].PaymentTransaction[].PaymentTransactionDetail[].PaymentTransactionDetailId,,,,
239,Payment[].PaymentMethod[].PaymentTransaction[].PaymentTransactionDetail[].ReferenceId,Direct,payment_methods,transaction_reference_id,
240,Payment[].PaymentMethod[].PaymentTransaction[].PaymentTransactionDetail[].Amount,Direct,payment_methods,amount,
241,Payment[].PaymentMethod[].PaymentTransaction[].PaymentTransactionDetail[].PurgeDate,Direct,payment_methods,purge_date,
242,Payment[].PaymentMethod[].PaymentTransaction[].PaymentTransactionDetail[].ReferenceType.TransactionReferenceTypeId,,,,
243,Payment[].PaymentMethod[].PaymentTransaction[].PaymentTransactionDetail[].PaymentTransactionDetailGroup[],,,,
244,Payment[].PaymentMethod[].PaymentTransaction[].PaymentTransactionDetail[].Extended,Direct,payment_methods,extended,
245,Payment[].PaymentMethod[].PaymentTransaction[].PaymentTransactionEMVTags,,,,
246,Payment[].PaymentMethod[].PaymentTransaction[].PaymentTransactionGroup[],,,,
247,Payment[].PaymentMethod[].PaymentTransaction[].TransactionType.PaymentTransactionTypeId,,,,
248,Payment[].PaymentMethod[].PaymentTransaction[].Status.PaymentTransactionStatusId,,,,
249,Payment[].PaymentMethod[].PaymentTransaction[].AuthorizationType,,,,
250,Payment[].PaymentMethod[].PaymentTransaction[].ProcessingMode.ProcessingModeId,,,,
251,Payment[].PaymentMethod[].PaymentTransaction[].PaymentResponseStatus.PaymentResponseStatusId,Direct,payment_transactions,payment_response_status,
252,Payment[].PaymentMethod[].PaymentTransaction[].TransmissionStatus.PaymentTransmissionStatusId,,,,
253,Payment[].PaymentMethod[].PaymentTransaction[].InteractionMode,,,,
254,Payment[].PaymentMethod[].PaymentTransaction[].NotificationStatus,,,,
255,Payment[].PaymentMethod[].PaymentTransaction[].Extended,,,,
256,Payment[].PaymentMethod[].ParentOrderPaymentMethod[],,,,
257,Payment[].PaymentMethod[].PaymentType.PaymentTypeId,Direct,payment_methods,payment_type,
258,Payment[].PaymentMethod[].CardType.CardTypeId,Direct,payment_methods,card_type,
259,Payment[].PaymentMethod[].AccountType,Direct,payment_methods,account_type,
260,Payment[].PaymentMethod[].PaymentCategory,Direct,payment_methods,payment_category,
261,Payment[].PaymentMethod[].Extended.BillingNameString,,,,
262,Payment[].PaymentMethod[].Extended.BillingAddressString,,,,
263,Payment[].PaymentMethod[].Extended.InstallmentPlan,,,,
264,Payment[].PaymentMethod[].Extended.BillingAddressString2,,,,
265,Payment[].PaymentMethod[].Extended.InstallmentRate,,,,
266,Payment[].Status.StatusId,Direct,payments,status_id,
267,Payment[].Extended,,,,
268,CancelReason,Direct,orders,cancel_reason,
269,ParentReservationRequestId,,,,
271,OrderTrackingInfo[].UpdatedTimestamp,,,,
272,OrderTrackingInfo[].CreatedTimestamp,,,,
273,OrderTrackingInfo[].CreatedBy,Direct,order_tracking,created_by,
274,OrderTrackingInfo[].TrackingNumber,Direct,order_tracking,tracking_number,
275,OrderTrackingInfo[].ShippedDate,,,,
276,OrderTrackingInfo[].Extended.CRCTrackingURL,,,,
277,OrderTrackingInfo[].ScheduledDate,,,,
278,OrderTrackingInfo[].Process,,,,
279,OrderTrackingInfo[].StatusSubTypeDescription,,,,
280,OrderTrackingInfo[].TrackingDetailId,Direct,order_tracking,tracking_detail_id,
281,OrderTrackingInfo[].PostalCode,Direct,order_tracking,postal_code,
282,OrderTrackingInfo[].City,Direct,order_tracking,city,
283,OrderTrackingInfo[].Date,,,,
284,OrderTrackingInfo[].OrgId,,,,
285,OrderTrackingInfo[].UpdatedBy,Direct,order_tracking,updated_by,
286,OrderTrackingInfo[].State,Direct,order_tracking,state,
287,OrderTrackingInfo[].StatusDescription,Direct,order_tracking,status_description,
288,OrderTrackingInfo[].StatusSubType,Direct,order_tracking,status_sub_type,
289,OrderTrackingInfo[].ContextId,,,,
290,OrderTrackingInfo[].Country,Direct,order_tracking,country,
291,OrderTrackingInfo[].PK,,,,
292,OrderTrackingInfo[].PurgeDate,,,,
293,OrderTrackingInfo[].Unique_Identifier,,,,
294,EstimatedDeliveryDate,,,,
295,PackageStatus.PackageStatusId,,,,
296,DeliveredDate,,,,
297,OrgId,Direct,orders,org_id,
298,ContextId,,,,
299,CarrierCode,,,,
300,PK,,,,
301,PurgeDate,,,,
302,Unique_Identifier,,,,
303,OriginalEstimatedDeliveryDate,,,,
304,OrderTrackingAdditional,,,,
305,ContactPreference[],,,,
306,ReturnLabel[],,,,
307,RelatedOrders[],,,,
308,TotalInformationalTaxes,,,,
309,ConfirmedDate,,,,
310,ArchiveDate,,,,
311,TransactionReference[],,,,
312,OrderPromisingInfo,,,,
313,MinReturnStatusId,,,,
314,OrderTaxDetail[],Direct,orders,order_tax_detail,
315,AlternateOrderId,Direct,orders,alternate_order_id,
317,OrderLine[].ParentLineCreatedTimestamp,,,,
318,OrderLine[].CreatedTimestamp,,,,
319,OrderLine[].BusinessDate,,,,
320,OrderLine[].RefundPrice,,,,
321,OrderLine[].IsHazmat,,,,
322,OrderLine[].TaxOverrideValue,,,,
323,OrderLine[].MaxFulfillmentStatusId,Direct,order_lines,max_fulfillment_status_id,
324,OrderLine[].OrderLineCancelHistory[],,,,
325,OrderLine[].StoreSaleEntryMethod,,,,
326,OrderLine[].IsReturnAllowedByAgePolicy,,,,
327,OrderLine[].ShippingMethodId,Direct,order_lines,shipping_method_id,
328,OrderLine[].UpdatedBy,Direct,order_lines,updated_by,
329,OrderLine[].ItemMaxDiscountPercentage,,,,
330,OrderLine[].OrderLineSalesAssociate[],,,,
331,OrderLine[].ReleaseGroupId,Direct,order_lines,release_group_id,
332,OrderLine[].OrderLineSubTotal,Direct,order_lines,order_line_sub_total,
333,OrderLine[].ItemStyle,,,,
334,OrderLine[].ParentOrderId,,,,
335,OrderLine[].ReturnableQuantity,,,,
336,OrderLine[].OrderLineHold[],,,,
337,OrderLine[].CreatedBy,Direct,order_lines,created_by,
338,OrderLine[].SmallImageURI,Direct,order_lines,small_image_uri,
339,OrderLine[].CarrierCode,,,,
340,OrderLine[].ItemBarcode,Direct,order_lines,item_id,
342,OrderLine[].QuantityDetail[].Status.StatusId,Direct,quantity_details,status_id,
343,OrderLine[].QuantityDetail[].UpdatedTimestamp,,,,
344,OrderLine[].QuantityDetail[].CreatedBy,Direct,quantity_details,created_by,
345,OrderLine[].QuantityDetail[].CreatedTimestamp,,,,
346,OrderLine[].QuantityDetail[].QuantityDetailId,Direct,quantity_details,quantity_detail_id,
347,OrderLine[].QuantityDetail[].WebURL,Direct,quantity_details,web_url,
348,OrderLine[].QuantityDetail[].Quantity,Direct,quantity_details,quantity,
349,OrderLine[].QuantityDetail[].Process,Direct,quantity_details,process,
350,OrderLine[].QuantityDetail[].SubstitutionRatio,Direct,quantity_details,substitution_ratio,
351,OrderLine[].QuantityDetail[].ItemId,Direct,quantity_details,item_id,
352,OrderLine[].QuantityDetail[].Reason,Direct,quantity_details,reason,
353,OrderLine[].QuantityDetail[].UpdatedBy,Direct,quantity_details,updated_by,
354,OrderLine[].QuantityDetail[].OrgId,Direct,quantity_details,org_id,
355,OrderLine[].QuantityDetail[].SubstitutionType,Direct,quantity_details,substitution_type,
356,OrderLine[].QuantityDetail[].UOM,Direct,quantity_details,uom,
357,OrderLine[].QuantityDetail[].StatusId,Direct,quantity_details,status_id,
358,OrderLine[].QuantityDetail[].ReasonType,Direct,quantity_details,reason_type,
359,OrderLine[].QuantityDetail[].ChangeLog,Direct,quantity_details,change_log,
360,OrderLine[].ChangeLog,Direct,order_lines,change_log,
361,OrderLine[].PromisedShipDate,,,,
362,OrderLine[].TotalDiscounts,Direct,order_lines,total_discounts,
363,OrderLine[].AllocationConfigId,,,,
364,OrderLine[].ShipToAddress.AddressName,,,,
365,OrderLine[].ShipToAddress.AvsReason,,,,
366,OrderLine[].ShipToAddress.Address.Email,,,,
367,OrderLine[].ShipToAddress.Address.FirstName,,,,
368,OrderLine[].ShipToAddress.Address.State,,,,
369,OrderLine[].ShipToAddress.Address.Phone,,,,
370,OrderLine[].ShipToAddress.Address.Address2,,,,
371,OrderLine[].ShipToAddress.Address.Address3,,,,
372,OrderLine[].ShipToAddress.Address.Country,,,,
373,OrderLine[].ShipToAddress.Address.PostalCode,,,,
374,OrderLine[].ShipToAddress.Address.LastName,,,,
375,OrderLine[].ShipToAddress.Address.Address1,,,,
376,OrderLine[].ShipToAddress.Address.City,,,,
377,OrderLine[].ShipToAddress.Address.County,,,,
378,OrderLine[].ShipToAddress.IsAddressVerified,,,,
379,OrderLine[].ShipToAddress.Extended.AddressRef,,,,
380,OrderLine[].ShipToAddress.AddressId,,,,
381,OrderLine[].ServiceLevelCode,,,,
382,OrderLine[].ItemDepartmentNumber,,,,
383,OrderLine[].IsReturnable,,,,
384,OrderLine[].IsTaxIncluded,Direct,order_lines,is_tax_included,
385,OrderLine[].OrderLinePriceOverrideHistory[],,,,
386,OrderLine[].IsOnHold,,,,
387,OrderLine[].Process,,,,
388,OrderLine[].IsReceiptExpected,,,,
389,OrderLine[].OrderLineComponents[],,,,
390,OrderLine[].ItemId,Direct,order_lines,item_id,
391,OrderLine[].PhysicalOriginId,,,,
392,OrderLine[].ReturnableLineTotal,,,,
393,OrderLine[].SellingLocationId,,,,
394,OrderLine[].IsGift,Direct,order_lines,is_gift,
395,OrderLine[].FulfillmentStatus,Direct,order_lines,fulfillment_status,
396,OrderLine[].ParentOrderLineId,,,,
397,OrderLine[].TotalCharges,Direct,order_lines,total_charges,
398,OrderLine[].ParentOrderLineType,,,,
399,OrderLine[].AddressId,,,,
400,OrderLine[].ShipFromAddress,Direct,order_lines,ship_from_address_id,
401,OrderLine[].VolumetricWeight,,,,
402,OrderLine[].Priority,,,,
403,OrderLine[].OrderId,Direct,order_lines,order_id,
404,OrderLine[].IsPreOrder,Direct,order_lines,is_pre_order,
405,OrderLine[].PromisedDeliveryDate,Direct,order_lines,promised_delivery_date,
406,OrderLine[].ItemTaxCode,,,,
407,OrderLine[].CancelReason,,,,
408,OrderLine[].LatestDeliveryDate,,,,
409,OrderLine[].StreetDate,,,,
410,OrderLine[].OrderLinePromotionRequest[],,,,
411,OrderLine[].AlternateOrderLineId,,,,
413,OrderLine[].OrderLinePromisingInfo.InventorySegmentId,,,,
414,OrderLine[].OrderLinePromisingInfo.CreatedTimestamp,,,,
415,OrderLine[].OrderLinePromisingInfo.ShipFromLocationId,Direct,promising_details,ship_from_location_id,
416,OrderLine[].OrderLinePromisingInfo.CountryOfOrigin,,,,
417,OrderLine[].OrderLinePromisingInfo.Process,,,,
418,OrderLine[].OrderLinePromisingInfo.InventoryTypeId,,,,
419,OrderLine[].OrderLinePromisingInfo.ConsolidatationLocationId,,,,
420,OrderLine[].OrderLinePromisingInfo.UpdatedBy,Direct,promising_details,updated_by,
421,OrderLine[].OrderLinePromisingInfo.AsnId,,,,
422,OrderLine[].OrderLinePromisingInfo.AsnDetailId,,,,
423,OrderLine[].OrderLinePromisingInfo.UpdatedTimestamp,,,,
424,OrderLine[].OrderLinePromisingInfo.CreatedBy,Direct,promising_details,created_by,
425,OrderLine[].OrderLinePromisingInfo.StrategyType.StrategyTypeId,,,,
426,OrderLine[].OrderLinePromisingInfo.BatchNumber,,,,
427,OrderLine[].OrderLinePromisingInfo.IsForceAllocate,,,,
428,OrderLine[].OrderLinePromisingInfo.ProductStatusId,,,,
429,OrderLine[].OrderLinePromisingInfo.OrgId,,,,
430,OrderLine[].OrderLinePromisingInfo.PoDetailId,,,,
431,OrderLine[].OrderLinePromisingInfo.ItemAttribute4,,,,
432,OrderLine[].OrderLinePromisingInfo.ItemAttribute3,,,,
433,OrderLine[].OrderLinePromisingInfo.ItemAttribute2,,,,
434,OrderLine[].OrderLinePromisingInfo.ItemAttribute1,,,,
435,OrderLine[].OrderLinePromisingInfo.PoId,,,,
436,OrderLine[].OrderLinePromisingInfo.ReqCapacityPerUnit,,,,
437,OrderLine[].OrderLinePromisingInfo.ShipThroughLocationId,,,,
438,OrderLine[].OrderLinePromisingInfo.ItemAttribute5,,,,
439,OrderLine[].DoNotShipBeforeDate,,,,
441,OrderLine[].OrderLineTaxDetail[].IsInvoiceTax,,,,
442,OrderLine[].OrderLineTaxDetail[].CreatedTimestamp,,,,
443,OrderLine[].OrderLineTaxDetail[].TaxTypeId,,,,
444,OrderLine[].OrderLineTaxDetail[].TaxIdentifier5,,,,
445,OrderLine[].OrderLineTaxDetail[].TaxIdentifier4,,,,
446,OrderLine[].OrderLineTaxDetail[].Process,,,,
447,OrderLine[].OrderLineTaxDetail[].JurisdictionTypeId,,,,
448,OrderLine[].OrderLineTaxDetail[].UpdatedBy,Direct,order_lines,updated_by,
449,OrderLine[].OrderLineTaxDetail[].TaxAmount,,,,
450,OrderLine[].OrderLineTaxDetail[].HeaderTaxDetailId,,,,
451,OrderLine[].OrderLineTaxDetail[].TaxCode,,,,
452,OrderLine[].OrderLineTaxDetail[].TaxDate,,,,
453,OrderLine[].OrderLineTaxDetail[].TaxRate,,,,
454,OrderLine[].OrderLineTaxDetail[].UpdatedTimestamp,,,,
455,OrderLine[].OrderLineTaxDetail[].CreatedBy,Direct,order_lines,created_by,
456,OrderLine[].OrderLineTaxDetail[].TaxDetailId,,,,
457,OrderLine[].OrderLineTaxDetail[].TaxableAmount,,,,
458,OrderLine[].OrderLineTaxDetail[].TaxEngineId,,,,
459,OrderLine[].OrderLineTaxDetail[].Jurisdiction,,,,
460,OrderLine[].OrderLineTaxDetail[].FulfillmentGroupId,Direct,order_lines,fulfillment_group_id,
461,OrderLine[].OrderLineTaxDetail[].OrgId,,,,
462,OrderLine[].OrderLineTaxDetail[].IsInformational,,,,
463,OrderLine[].OrderLineTaxDetail[].TaxIdentifier3,,,,
464,OrderLine[].OrderLineTaxDetail[].TaxIdentifier2,,,,
465,OrderLine[].OrderLineTaxDetail[].TaxIdentifier1,,,,
466,OrderLine[].IsItemTaxOverridable,,,,
467,OrderLine[].OrderLineChargeDetail[],Direct,order_lines,order_line_charge_detail,
468,OrderLine[].OrderLineTotal,Direct,order_lines,order_line_total,
469,OrderLine[].ItemSeason,,,,
470,OrderLine[].ItemDescription,Direct,order_lines,item_description,
471,OrderLine[].IsItemTaxExemptable,,,,
473,OrderLine[].Allocation[].InventorySegmentId,Direct,allocations,inventory_segment_id,
474,OrderLine[].Allocation[].ServiceLevelCode,Direct,allocations,service_level_code,
475,OrderLine[].Allocation[].CreatedTimestamp,,,,
476,OrderLine[].Allocation[].AllocationId,Direct,allocations,allocation_id,
477,OrderLine[].Allocation[].SubstitutionTypeId,Direct,allocations,substitution_type_id,
478,OrderLine[].Allocation[].AllocationType,Direct,allocations,allocation_type,
479,OrderLine[].Allocation[].ShipFromLocationId,Direct,allocations,ship_from_location_id,
480,OrderLine[].Allocation[].CountryOfOrigin,Direct,allocations,country_of_origin,
481,OrderLine[].Allocation[].EarliestDeliveryDate,Direct,allocations,earliest_delivery_date,
482,OrderLine[].Allocation[].AllocatedOn,Direct,allocations,allocated_on,
483,OrderLine[].Allocation[].Process,Direct,allocations,process,
484,OrderLine[].Allocation[].EarliestShipDate,Direct,allocations,earliest_ship_date,
485,OrderLine[].Allocation[].SubstitutionRatio,,,,
486,OrderLine[].Allocation[].InventoryTypeId,Direct,allocations,inventory_type_id,
487,OrderLine[].Allocation[].ItemId,Direct,allocations,item_id,
488,OrderLine[].Allocation[].IsVirtual,Direct,allocations,is_virtual,
489,OrderLine[].Allocation[].UpdatedBy,Direct,allocations,updated_by,
490,OrderLine[].Allocation[].CommittedDeliveryDate,Direct,allocations,committed_delivery_date,
491,OrderLine[].Allocation[].InventoryAttribute1,,,,
492,OrderLine[].Allocation[].InventoryAttribute2,,,,
493,OrderLine[].Allocation[].InventoryAttribute3,,,,
494,OrderLine[].Allocation[].InventoryAttribute4,,,,
495,OrderLine[].Allocation[].InventoryAttribute5,,,,
496,OrderLine[].Allocation[].AsnId,Direct,allocations,asn_id,
497,OrderLine[].Allocation[].AsnDetailId,Direct,allocations,asn_detail_id,
498,OrderLine[].Allocation[].Status.StatusId,Direct,allocations,status_id,
499,OrderLine[].Allocation[].UpdatedTimestamp,,,,
500,OrderLine[].Allocation[].CreatedBy,Direct,allocations,created_by,
501,OrderLine[].Allocation[].ShipToLocationId,Direct,allocations,ship_to_location_id,
502,OrderLine[].Allocation[].CommittedShipDate,Direct,allocations,committed_ship_date,
503,OrderLine[].Allocation[].BatchNumber,Direct,allocations,batch_number,
504,OrderLine[].Allocation[].Quantity,Direct,allocations,quantity,
505,OrderLine[].Allocation[].LatestShipDate,Direct,allocations,latest_ship_date,
506,OrderLine[].Allocation[].ShipViaId,Direct,allocations,ship_via_id,
507,OrderLine[].Allocation[].AllocationDependencyId,Direct,allocations,allocation_dependency_id,
508,OrderLine[].Allocation[].GroupId,Direct,allocations,group_id,
509,OrderLine[].Allocation[].ProductStatusId,Direct,allocations,product_status_id,
510,OrderLine[].Allocation[].OrgId,Direct,allocations,org_id,
511,OrderLine[].Allocation[].UOM,Direct,allocations,uom,
512,OrderLine[].Allocation[].PoDetailId,Direct,allocations,po_detail_id,
513,OrderLine[].Allocation[].ReservationRequestDetailId,Direct,allocations,reservation_request_detail_id,
514,OrderLine[].Allocation[].CarrierCode,Direct,allocations,carrier_code,
515,OrderLine[].Allocation[].LatestReleaseDate,Direct,allocations,latest_release_date,
516,OrderLine[].Allocation[].PoId,Direct,allocations,po_id,
517,OrderLine[].Allocation[].ReservationRequestId,Direct,allocations,reservation_request_id,
518,OrderLine[].OrderLineVASInstructions[],,,,
519,OrderLine[].PipelineId,,,,
520,OrderLine[].ItemSize,,,,
521,OrderLine[].IsNonMerchandise,,,,
522,OrderLine[].LineType,,,,
523,OrderLine[].ShipToLocationId,Direct,order_lines,ship_to_location_id,
524,OrderLine[].ShipFromAddressId,Direct,order_lines,ship_from_address_id,
525,OrderLine[].IsActivationRequired,,,,
526,OrderLine[].Quantity,Direct,order_lines,quantity,
527,OrderLine[].IsItemNotOnFile,,,,
528,OrderLine[].IsPackAndHold,,,,
529,OrderLine[].IsGiftCard,,,,
530,OrderLine[].CancelComments,,,,
531,OrderLine[].MaxFulfillmentStatus.StatusId,,,,
532,OrderLine[].VolumetricWeightUOM,,,,
534,OrderLine[].OrderLineExtension1.Extended.OfferId,,,,
535,OrderLine[].OrderLineExtension1.Extended.DeliveryRoute,,,,
536,OrderLine[].OrderLineExtension1.Extended.ProductNameVN,,,,
537,OrderLine[].OrderLineExtension1.Extended.NumberOfPack,,,,
538,OrderLine[].OrderLineExtension1.Extended.PickUpStoreCountry,,,,
539,OrderLine[].OrderLineExtension1.Extended.MMSDepartment,,,,
540,OrderLine[].OrderLineExtension1.Extended.GWPParentItem,,,,
541,OrderLine[].OrderLineExtension1.Extended.ProductUOMEN,,,,
542,OrderLine[].OrderLineExtension1.Extended.CustomerAddressLong,,,,
543,OrderLine[].OrderLineExtension1.Extended.CustomerAddressLat,,,,
544,OrderLine[].OrderLineExtension1.Extended.IsBundle,,,,
545,OrderLine[].OrderLineExtension1.Extended.LatestItemTotal,,,,
546,OrderLine[].OrderLineExtension1.Extended.PackUnitPrice,,,,
547,OrderLine[].OrderLineExtension1.Extended.LatestItemSubTotal,,,,
548,OrderLine[].OrderLineExtension1.Extended.IsWeightItem,,,,
549,OrderLine[].OrderLineExtension1.Extended.ProductNameIT,,,,
550,OrderLine[].OrderLineExtension1.Extended.PickUpStoreCode,,,,
551,OrderLine[].OrderLineExtension1.Extended.ProductNameEN,,,,
552,OrderLine[].OrderLineExtension1.Extended.PromotionId,,,,
553,OrderLine[].OrderLineExtension1.Extended.PackItemDescriptionEN,,,,
554,OrderLine[].OrderLineExtension1.Extended.PickUpStoreLat,,,,
555,OrderLine[].OrderLineExtension1.Extended.MMSSKUType,,,,
556,OrderLine[].OrderLineExtension1.Extended.PickUpStoreCity,,,,
557,OrderLine[].OrderLineExtension1.Extended.PickUpStoreEmail,,,,
558,OrderLine[].OrderLineExtension1.Extended.PickUpSecretKey,,,,
559,OrderLine[].OrderLineExtension1.Extended.ReferenceOrderLineId,,,,
560,OrderLine[].OrderLineExtension1.Extended.PackSmallImageURI,,,,
561,OrderLine[].OrderLineExtension1.Extended.PackItemDescriptionTH,,,,
562,OrderLine[].OrderLineExtension1.Extended.PackOriginalUnitPrice,,,,
563,OrderLine[].OrderLineExtension1.Extended.ServiceType,,,,
564,OrderLine[].OrderLineExtension1.Extended.PickUpStoreAddress2,,,,
565,OrderLine[].OrderLineExtension1.Extended.PickUpStoreAddress1,,,,
566,OrderLine[].OrderLineExtension1.Extended.PackitemDescription,,,,
567,OrderLine[].OrderLineExtension1.Extended.PickUpStoreDescription,,,,
568,OrderLine[].OrderLineExtension1.Extended.IsSubstitution,,,,
569,OrderLine[].OrderLineExtension1.Extended.AverageWeight,,,,
570,OrderLine[].OrderLineExtension1.Extended.AverageUnitPrice,,,,
571,OrderLine[].OrderLineExtension1.Extended.SlotBookingFrom,,,,
572,OrderLine[].OrderLineExtension1.Extended.CanReturntoWarehouse,,,,
573,OrderLine[].OrderLineExtension1.Extended.PackOrderedQty,,,,
574,OrderLine[].OrderLineExtension1.Extended.PickUpStorePhone,,,,
575,OrderLine[].OrderLineExtension1.Extended.SourceItemTotalDiscount,,,,
576,OrderLine[].OrderLineExtension1.Extended.ProductNameTH,,,,
577,OrderLine[].OrderLineExtension1.Extended.SourceItemTotal,,,,
578,OrderLine[].OrderLineExtension1.Extended.PickUpStorePostal,,,,
579,OrderLine[].OrderLineExtension1.Extended.SourceItemSubTotal,,,,
580,OrderLine[].OrderLineExtension1.Extended.SlotBookingId,,,,
581,OrderLine[].OrderLineExtension1.Extended.MMSSubDepartment,,,,
582,OrderLine[].OrderLineExtension1.Extended.SecretKeyCode,,,,
583,OrderLine[].OrderLineExtension1.Extended.ProductUOMTH,,,,
584,OrderLine[].OrderLineExtension1.Extended.PickUpStoreDistrict,,,,
585,OrderLine[].OrderLineExtension1.Extended.PrimaryBarcode,,,,
586,OrderLine[].OrderLineExtension1.Extended.IsGiftWrapping,,,,
587,OrderLine[].OrderLineExtension1.Extended.PickUpStoreName,,,,
588,OrderLine[].OrderLineExtension1.Extended.LatestUnitPrice,,,,
589,OrderLine[].OrderLineExtension1.Extended.JDASKUType,,,,
590,OrderLine[].OrderLineExtension1.Extended.PromotionType,,,,
591,OrderLine[].OrderLineExtension1.Extended.SlotBookingTo,,,,
592,OrderLine[].OrderLineExtension1.Extended.PickUpStoreLong,,,,
593,OrderLine[].OrderLineExtension1.Extended.ActualQuantity,,,,
594,OrderLine[].OrderLineExtension1.Extended.IsGWP,,,,
595,OrderLine[].OrderLineExtension1.Extended.BundleRefId,,,,
596,OrderLine[].OrderLineExtension1.Extended.PickUpStoreSubDistrict,,,,
597,OrderLine[].OrderLineExtension1.Extended.ProductNameDE,,,,
598,OrderLine[].OrderLineExtension1.Extended.LatestItemTotalDiscount,,,,
600,OrderLine[].FulfillmentDetail[].ShipmentId,,,,
601,OrderLine[].FulfillmentDetail[].ServiceLevelCode,,,,
602,OrderLine[].FulfillmentDetail[].CreatedTimestamp,,,,
603,OrderLine[].FulfillmentDetail[].TrackingNumber,,,,
604,OrderLine[].FulfillmentDetail[].Process,,,,
605,OrderLine[].FulfillmentDetail[].PackageDetailId,,,,
606,OrderLine[].FulfillmentDetail[].FulfillmentDate,,,,
607,OrderLine[].FulfillmentDetail[].ItemId,Direct,fulfillment_details,item_id,
608,OrderLine[].FulfillmentDetail[].FulfillmentId,Direct,fulfillment_details,fulfillment_id,
609,OrderLine[].FulfillmentDetail[].UpdatedBy,Direct,fulfillment_details,updated_by,
610,OrderLine[].FulfillmentDetail[].FulfillmentDetailId,,,,
611,OrderLine[].FulfillmentDetail[].ReturnTrackingNumber,,,,
612,OrderLine[].FulfillmentDetail[].GcNumber,,,,
613,OrderLine[].FulfillmentDetail[].UpdatedTimestamp,,,,
614,OrderLine[].FulfillmentDetail[].CreatedBy,Direct,fulfillment_details,created_by,
615,OrderLine[].FulfillmentDetail[].GiftCardPIN,,,,
616,OrderLine[].FulfillmentDetail[].Quantity,Direct,fulfillment_details,quantity,
617,OrderLine[].FulfillmentDetail[].ShipViaId,,,,
618,OrderLine[].FulfillmentDetail[].GiftCardNumber,,,,
619,OrderLine[].FulfillmentDetail[].ReleaseId,Direct,fulfillment_details,release_id,
620,OrderLine[].FulfillmentDetail[].ReleaseLineId,Direct,release_lines,release_line_id,
621,OrderLine[].FulfillmentDetail[].GcPIN,,,,
622,OrderLine[].FulfillmentDetail[].OrgId,,,,
623,OrderLine[].FulfillmentDetail[].UOM,Direct,fulfillment_details,uom,
624,OrderLine[].FulfillmentDetail[].Eta,,,,
625,OrderLine[].FulfillmentDetail[].SerialNumber,,,,
626,OrderLine[].FulfillmentDetail[].CarrierCode,,,,
627,OrderLine[].FulfillmentDetail[].StatusId,Direct,fulfillment_details,status_id,
628,OrderLine[].FulfillmentDetail[].PackageId,,,,
629,OrderLine[].OrderLineExtension2[],,,,
630,OrderLine[].UOM,Direct,order_lines,uom,
631,OrderLine[].OrderLineId,Direct,order_lines,order_line_id,
632,OrderLine[].TotalTaxes,,,,
633,OrderLine[].OrderLineAdditional,,,,
634,OrderLine[].TransactionReferenceId,,,,
635,OrderLine[].RequestedDeliveryDate,,,,
636,OrderLine[].OriginalUnitPrice,Direct,order_lines,original_unit_price,
637,OrderLine[].IsEvenExchange,,,,
638,OrderLine[].LineProcessInfo,,,,
639,CancelledOrderSubTotal,Direct,orders,cancelled_order_sub_total,
640,CustomerEmail,Direct,orders,customer_email,
641,DoNotReleaseBefore,Direct,orders,do_not_release_before,
642,PackageCount,,,,
643,SellingChannel.SellingChannelId,Direct,orders,selling_channel,
644,OrderNote[],Direct,orders,order_note,
645,OrderAttribute[],,,,
646,OrderAttribute[].UpdatedTimestamp,,,,
647,OrderAttribute[].UpdatedBy,Direct,orders,updated_by,
648,OrderAttribute[].OrgId,Direct,orders,org_id,
649,OrderAttribute[].AttributeValue,,,,
650,OrderAttribute[].CreatedBy,Direct,orders,created_by,
651,OrderAttribute[].CreatedTimestamp,,,,
652,OrderAttribute[].ContextId,,,,
653,OrderAttribute[].Process,,,,
654,OrderAttribute[].AttributeName,,,,
655,OrderAttribute[].PK,,,,
656,OrderAttribute[].PurgeDate,,,,
657,OrderAttribute[].Unique_Identifier,,,,
658,RunId,,,,
659,MinFulfillmentStatusId,Direct,orders,min_fulfillment_status_id,
660,DocType.DocTypeId,Direct,orders,doc_type,
662,Release[].ReleaseType,Direct,releases,release_type,
663,Release[].UpdatedTimestamp,,,,
664,Release[].ServiceLevelCode,Direct,releases,service_level_code,
665,Release[].ShipToLocationId,Direct,releases,ship_to_location_id,
666,Release[].EffectiveRank,Direct,releases,effective_rank,
667,Release[].CreatedBy,Direct,releases,created_by,
668,Release[].CreatedTimestamp,,,,
670,Release[].ReleaseLine[].CancelledQuantity,Direct,release_lines,cancelled_quantity,
671,Release[].ReleaseLine[].UpdatedTimestamp,,,,
672,Release[].ReleaseLine[].EffectiveRank,Direct,release_lines,effective_rank,
673,Release[].ReleaseLine[].CreatedBy,Direct,release_lines,created_by,
674,Release[].ReleaseLine[].CreatedTimestamp,,,,
675,Release[].ReleaseLine[].FulfilledQuantity,Direct,release_lines,fulfilled_quantity,
676,Release[].ReleaseLine[].AllocationId,Direct,release_lines,allocation_id,
677,Release[].ReleaseLine[].Quantity,Direct,release_lines,quantity,
678,Release[].ReleaseLine[].Process,Direct,release_lines,process,
679,Release[].ReleaseLine[].ItemId,Direct,release_lines,item_id,
680,Release[].ReleaseLine[].ReleaseLineId,Direct,release_lines,release_line_id,
681,Release[].ReleaseLine[].OrgId,Direct,release_lines,org_id,
682,Release[].ReleaseLine[].UpdatedBy,Direct,release_lines,updated_by,
683,Release[].ReleaseLine[].UOM,Direct,release_lines,uom,
684,Release[].ReleaseLine[].OrderLineId,Direct,release_lines,order_line_id,
685,Release[].ReleaseLine[].CancelledDate,Direct,release_lines,cancelled_date,
686,Release[].DeliveryMethodId,Direct,releases,delivery_method_id,
687,Release[].ShipFromLocationId,Direct,releases,ship_from_location_id,
688,Release[].ShipViaId,Direct,releases,ship_via_id,
689,Release[].Process,Direct,releases,process,
690,Release[].ReleaseId,Direct,releases,release_id,
691,Release[].OrderId,Direct,releases,order_id,
692,Release[].OrgId,Direct,releases,org_id,
693,Release[].UpdatedBy,Direct,releases,updated_by,
694,Release[].ReleaseExtension1[],,,,
695,Release[].DestinationAction,Direct,releases,destination_action,
696,Release[].CarrierCode,Direct,releases,carrier_code,
697,PublishStatus.PublishStatusId,,,,
698,MinFulfillmentStatus.StatusId,,,,
699,UpdatedTimestamp,,,,
700,ReturnLabelEmail,,,,
701,MaxReturnStatusId,,,,
702,ProcessInfo,,,,
704,OrderMilestoneEvent[].MonitoringRuleId,,,,
705,OrderMilestoneEvent[].UpdatedTimestamp,,,,
706,OrderMilestoneEvent[].OrgId,Direct,orders,org_id,
707,OrderMilestoneEvent[].UpdatedBy,Direct,orders,updated_by,
708,OrderMilestoneEvent[].CreatedBy,Direct,orders,created_by,
709,OrderMilestoneEvent[].CreatedTimestamp,,,,
710,OrderMilestoneEvent[].EventTime,,,,
711,OrderMilestoneEvent[].MilestoneDefinitionId,,,,
712,OrderMilestoneEvent[].EventId,,,,
713,OrderMilestoneEvent[].Process,,,,
714,CancelComments,,,,
715,MaxFulfillmentStatus.StatusId,,,,
716,MerchSaleLineCount,,,,
717,CustomerIdentityDoc[],,,,
719,OrderMilestone[].MonitoringRuleId,,,,
720,OrderMilestone[].UpdatedTimestamp,,,,
721,OrderMilestone[].OrgId,Direct,orders,org_id,
722,OrderMilestone[].UpdatedBy,Direct,orders,updated_by,
723,OrderMilestone[].CreatedBy,Direct,orders,created_by,
724,OrderMilestone[].CreatedTimestamp,,,,
725,OrderMilestone[].ExpectedTime,,,,
726,OrderMilestone[].ActualTime,,,,
727,OrderMilestone[].MilestoneDefinitionId,,,,
728,OrderMilestone[].Process,,,,
729,OrderMilestone[].NextEventTime,,,,
730,OrderLocale,Direct,orders,order_locale,
731,IsOrderCountable,,,,
732,TotalTaxes,Direct,orders,total_taxes,
733,CustomerLastName,Direct,orders,customer_last_name,
734,CapturedDate,Direct,orders,captured_date,
735,CustomerTypeId,Direct,orders,customer_type_id,
736,NextEventTime,,,,
737,ChangeLog.ModTypes.Order[],Direct,orders,order_id,
738,OrderTotal,Direct,orders,order_total,
739,TotalDiscounts,Direct,orders,total_discounts,
